,hashtags
6,['#iseewhatididthere']
9,"['#truth', '#traitorronjohnson']"
17,"['#nyvldn', '#nyrbii']"
23,['#yotes']
53,"['#turdorange', '#truth', '#bidenharris2020', '#herstory2020']"
55,['#voteredtosaveamerica2020']
67,"['#yankees', '#clintfrazier']"
68,"['#nyy', '#homerun']"
87,"['#bidenharris2020', '#votetrumpout2020', '#dumptrumpdaynov3', '#bidenharris2020tosaveamerica']"
116,"['#birthcenterbirth', '#naturalbirth', '#handsandknees', '#strongmom', '#birthchoices', '#birthcenterbaby', '#midwiferycare', '#familycenteredbirth', '#midwife', '#birthcenterofnj', '#thebirthcenterofnewjersey']"
117,"['#goodstick', '#stanleycupplayoffs']"
118,"['#nyvldn', '#nyrbii']"
126,['#askkamala']
130,"['#newzealand', '#covidー19']"
145,"['#zionwilliamson', '#neworleanspelicans', '#smsports']"
172,['#dusk']
205,"['#nyvldn', '#nyrbii']"
206,"['#sportpreparation', '#outdoortraining', '#njgyms', '#training', '#outdoorworkout']"
215,"['#spain', '#españa']"
217,"['#sportpreparation', '#outdoortraining', '#njgyms', '#training', '#outdoorworkout']"
224,"['#sportpreparation', '#outdoortraining', '#njgyms', '#training', '#outdoorworkout']"
227,"['#sportpreparation', '#outdoortraining', '#njgyms', '#training', '#outdoorworkout']"
232,"['#nyvldn', '#nyrbii']"
234,"['#sportpreparation', '#outdoortraining', '#njgyms', '#training', '#outdoorworkout']"
243,"['#nyvldn', '#nyrbii']"
247,['#reds']
249,['#ffxiv']
251,"['#childcustody', '#childcustodylaw', '#nj', '#newjersey']"
275,"['#poshmark', '#fashion', '#style', '#shopmycloset', '#cacique', '#betsyadam', '#honeypunch']"
282,"['#languagelearning', '#spanish', '#italian', '#french', '#education']"
295,"['#freechase', '#charlesmerritt']"
307,"['#nyvldn', '#nyrbii']"
314,['#ministry']
323,"['#boostalongmini', '#boostalongsmall', '#boostalongbig']"
332,['#nj21']
335,"['#wednesdaywisdom', '#sofiasmediterraneangrill', '#njfoodies', '#greeksalad', '#grilledsteak', '#grapeleaves', '#traditional', '#greek', '#recipes']"
338,"['#nyvldn', '#nyrbii']"
341,"['#info', '#website', '#is', '#in', '#bio', '#blackownedbuisness', '#blackandproud', '#thestruggleisreal', '#hardwork', '#pays', '#inthefuture']"
353,['#ps4live']
369,['#tiktok']
373,['#nyy']
374,['#soundcloud']
376,['#hasbrouckheights']
378,['#whatsupusps']
379,['#bidenharris2020landslide']
399,['#redsox']
406,['#sfgiants']
410,['#dweeb']
420,"['#dnc2020', '#protectvoters50plus']"
424,['#nowplaying']
437,"['#beautyblog', '#makeupoftheday', '#learningmakeup', '#makeupbyme', '#makeuplife', '#instamakeup', '#makeuplover', '#beautybasics', '#instabeauty', '#wakeupandmakeup', '#ilovemakeup', '#eye', '#eyemakeup']"
464,['#tiktok']
468,"['#dayoff', '#offday']"
478,"['#animalcrossing', '#acnh']"
482,"['#twinpeaks', '#acnh']"
500,"['#nyvldn', '#nyrbii']"
511,['#votebidenharris2020']
519,['#moscowmitch']
530,['#nocomment']
533,"['#workoutoftheday', '#workout', '#workoutplan', '#aefitnessmontclair', '#montclairnj', '#chillout', '#staycool']"
550,['#dontjudgeme']
568,['#trumpisaracist']
575,"['#radio', '#shortwave', '#swl']"
581,['#covid19shouldnotbepolitcal']
590,"['#bidenharris2020', '#wemustvote']"
598,['#aewdynamite']
608,"['#golflife', '#anothergolfcourse', '#wednesdaygolfleague', '#thenicholasteam']"
611,"['#food', '#peanutbutter']"
627,['#i80']
652,['#godblessthebluelinebleedsred']
659,['#trumpisaracist']
666,['#soundcloud']
667,"['#animalcrossing', '#acnh']"
677,['#tiktok']
681,['#ps4live']
687,"['#gourmet', '#homemade']"
696,"['#notbullying', '#whatajoke', '#yourbotssuck']"
714,['#hoboken']
716,['#trumpisanationaldisgrace']
722,"['#vote', '#bidenharris2020']"
725,['#nowplaying']
745,['#jilllouisestarr']
796,"['#aew', '#aewdynamite', '#aewwrestling', '#aewchampionship', '#wrestlingring', '#collection', '#itstarts', '#lechampion', '#prowrestling', '#unrivaledcollection', '#walmart', '#elite', '#areyouelite', '#essential']"
838,['#isles']
846,"['#digimon', '#digimonthemovie', '#oneweek', '#barenakedladies']"
856,['#socialmediastrategy']
862,['#riptrinilopez']
881,"['#sixers', '#philaunite']"
906,['#bidenharris2020landslide']
922,"['#itssafe', '#itseasy', '#getsomezs', '#holisticnursing']"
942,['#momala']
948,"['#18loop', '#vr', '#childhoodcancer', '#childhoodcancerawareness', '#aiforgood', '#vrtechnology', '#oculus', '#oculusvr']"
951,['#saints']
954,['#commarkkelky4senate2020']
961,['#allcaps']
981,"['#pandemic', '#wearamask', '#quarantinelife', '#bidenharris2020']"
982,['#wearamask']
992,['#nhlbruins']
993,"['#it', '#nutley']"
1000,['#wewanttoplay']
1022,['#nothinghaschanged']
1029,['#bidenharris2020forblueticket']
1046,['#isles']
1047,"['#gymjordan', '#gymjordan', '#gymhirdanispeodeophileprotector']"
1051,"['#kamalaharris', '#vpharris', '#joebiden2020']"
1054,"['#dnc2020', '#protectvoters50plus']"
1061,"['#nbabubble', '#ilovethisgame']"
1063,['#nowplaying']
1066,"['#nyvldn', '#nyrbii']"
1070,['#maga']
1074,"['#trumpcrimefamily', '#trumpcrimefamilyforprison']"
1079,['#as1']
1081,"['#animalcrossing', '#acnh', '#nintendoswitch']"
1091,"['#sportscards', '#collect', '#mostwatchedauctions']"
1106,['#trumpcult']
1119,['#author']
1126,"['#icymi', '#wednesdaywisdom']"
1147,"['#womensrights', '#womenshealth', '#prochoice', '#barackobama']"
1172,"['#yotes', '#goavsgo']"
1192,"['#wingitwednesday', '#localpubirishsoul']"
1200,['#respect']
1212,"['#teaching', '#teacherlife', '#teacher']"
1229,['#leafsforever']
1268,"['#teacherstrong', '#teacher', '#teachertwitter']"
1286,"['#biden', '#harris', '#hope', '#bidenharris2020']"
1306,['#tiktok']
1312,['#nowplaying']
1314,['#isles']
1333,['#mamboempanadas']
1338,['#bidenharris2020']
1350,"['#nyvldn', '#nyrbii']"
1395,['#neonnettle']
1408,['#tiktok']
1419,"['#isles', '#allcaps']"
1421,"['#bidenharris2020', '#hopeisaliveagainbidenharris']"
1422,['#covid19']
1426,['#neonnettle']
1432,['#bethechange']
1436,['#isles']
1438,['#nj17']
1462,['#single']
1506,['#summerofservice']
1511,"['#harley', '#solarbaricl7', '#yallneedproductionfast']"
1516,['#nj20']
1517,['#nj21']
1522,"['#bidenharris2020', '#votebluetosaveamerica']"
1528,['#paterson']
1533,['#us46']
1551,['#middlechildday']
1587,['#nowplaying']
1605,['#bidenharris2020']
1634,['#paterson']
1639,"['#kiddieworlddaycare', '#preschool', '#childcare']"
1649,"['#billy2020', '#taketheredbill', '#mnjga']"
1659,"['#psg', '#psgatalanta', '#championsleague']"
1663,"['#me', '#felizybendecida', '#zoylam', '#creacioneszoylam', '#tupuedes', '#vidamassana', '#amiestiloperu']"
1669,['#atla']
1684,['#championsleague']
1687,['#kamala']
1715,['#gh']
1740,['#podcast']
1763,['#timeless']
1777,['#psg']
1791,['#socialdistancing']
1798,['#wearenotthesame']
1814,['#pcos']
1835,"['#neymar', '#atapsg']"
1850,['#nowplaying']
1852,['#solarvps']
1860,"['#joselozano', '#njbusinesses', '#environmental', '#sustainability']"
1874,['#celtics']
1876,"['#keepjerseyartsalive', '#arts', '#newjersey']"
1892,"['#fgo', '#twitch', '#twitchstreamers', '#twitchaffiliate', '#supportsmallstreames']"
1893,"['#healthylifestyle', '#gallonaday']"
1896,"['#covid19', '#students']"
1934,"['#rutherfordeats', '#bergencounty', '#bergencountyeats']"
1937,['#hertotrio']
1947,['#figpizza']
1950,"['#isles', '#allcaps']"
1963,"['#openweid', '#verybestburger', '#burger', '#burgers', '#hamburger', '#cheeseburger', '#food', '#foods', '#foodoftheday', '#burgertime', '#foodies', '#foodpic']"
1990,['#science']
1997,['#motivation']
2005,"['#carpetcleaning', '#upholsterycleaning', '#woodfloorcleaning', '#hardwoodfloorcleaning', '#tilecleaning', '#groutcleaning', '#granitecountertoprenewal', '#petodors', '#petstains', '#allergies', '#leathercleaning', '#chemdry', '#primetimechemdry']"
2012,['#howardmudd']
2073,['#daddyissuesdonny']
2092,"['#baby', '#newmom', '#momlife', '#motherhood']"
2095,"['#hasbrouckheights', '#supplychain']"
2108,"['#sportscards', '#collect', '#mostwatchedauctions']"
2133,['#neonnettle']
2139,['#nowplaying']
2142,"['#realestateinvestment', '#realestategoals', '#sellyourhousefast', '#realestateinvestor', '#fixandflips', '#propertyinvestment', '#propertynews']"
2160,['#nyrbii']
2196,"['#gideonsneedle', '#bridesmaiddress']"
2198,"['#77lubricite', '#lubricite', '#frenchpolishing', '#shellac', '#polishfurniture', '#antiquerestoration']"
2212,['#ps4live']
2215,"['#jets', '#takeflight']"
2232,"['#clifton', '#nj09']"
2235,"['#contest', '#giveaway', '#pets']"
2272,"['#rteng', '#rtengmemes', '#dnbmemes', '#dnbarmy', '#dnbmeme', '#dnbmemes2020', '#dnbfamily', '#dnbhead', '#dnbforlife', '#dnbarena', '#dnbrave', '#dnb4ever', '#dnbproductions', '#dnballstars', '#drumandbass', '#drumnbassmemes', '#dnb', '#drumnbass', '#drumandbassproducer', '#neuro', '#neurofunkdnb']"
2284,"['#greenteams2020', '#greenteam', '#foodwaste', '#community']"
2289,"['#summer', '#covid19']"
2301,['#jerseystrong']
2310,"['#yugioh', '#ygo', '#magicthegathering']"
2325,"['#salonselfie', '#althouse']"
2326,['#summerreadingprogram']
2345,['#nowplaying']
2366,['#wrongpriorities']
2375,['#publicity']
2378,"['#wednesdaynight', '#wednesdayvibes', '#tgshomebuyers']"
2379,['#giantschat']
2380,['#moneyovergibberish']
2389,['#nowplaying']
2399,"['#funwednesday', '#tgshomebuyers', '#fixandflip', '#ealestateinvestmment', '#realestate', '#buyandsell', '#houseforsell']"
2427,['#newerstatenicknames']
2436,['#zielonka']
2439,"['#lfplnj', '#pjstorytime', '#atthepark']"
2452,['#candylandxcolourpop']
2456,"['#slimreaper', '#mrnastytime']"
2464,['#bitcoin']
2475,['#trumpbiblestudy']
2492,['#trumpisanidiot']
2513,['#cliftonnj']
2516,['#atla']
2579,['#fornevernews']
2588,['#maga']
2604,['#neonnettle']
2622,"['#nitroexpress', '#thriller', '#jocm']"
2627,"['#nhlbruins', '#bergeron']"
2628,['#atalanta']
2637,['#writeitwednesday']
2640,"['#divorce', '#divorcelaw', '#dads']"
2645,['#nowplaying']
2658,['#nyivswsh']
2678,"['#safety', '#hospitalitysafety', '#newinitiatives', '#innovation', '#creativebusinesssolutions']"
2682,['#wewanttoplay']
2708,['#nhlbruins']
2718,"['#etsy', '#cjcoinringsnthings']"
2719,['#giantschat']
2725,"['#secchao', '#trumpthedisaster']"
2740,['#itsbecauseofslavery']
2756,"['#dailydoseoflies', '#trumpisadisaster']"
2766,['#nyrbii']
2773,['#pioneerrup']
2776,"['#clifton', '#generalscience']"
2807,['#bloomfield']
2820,['#loveourmontclair']
2842,['#bucciovertimechallenge']
2852,['#thetyraneypodcast']
2879,['#yalldontdeservehim']
2882,['#shifttodigital']
2886,['#toss']
2887,['#easymoney']
2892,['#nj3']
2893,['#nj17']
2906,['#nhl']
2912,['#soundcloud']
2916,"['#wakeupeverybody', '#votebidenharris2020']"
2930,['#shifttodigital']
2934,"['#truth', '#machomagat', '#wearamask', '#bidenharris2020', '#herstory2020']"
2937,"['#schools', '#coronavirus']"
2939,"['#gowithjoe', '#getequipped', '#sunjoe']"
2941,['#bidenharris2020']
2953,"['#jets', '#takeflight']"
2963,['#retrowave']
2987,['#stayvigilantamerica']
2996,['#shifttodigital']
3007,"['#nerocks', '#teammagenta']"
3028,"['#worldelephantday', '#beelephantethical', '#beherd', '#jointhestampede', '#saveelephants', '#swimming', '#swimcoverup', '#njlocal']"
3033,"['#massage', '#review', '#customerreview', '#massagetherapist', '#hoslitichideaway', '#lyndhurst', '#newforest']"
3034,['#bills']
3046,"['#diningoutrutherford', '#downtownrutherford']"
3051,['#stanleycupplayoffs']
3109,['#wcw']
3114,['#nowplaying']
3136,"['#trumpisalaughingstock', '#bidenharris2020landslide']"
3143,['#neonnettle']
3144,"['#dippablebaconator', '#contest']"
3147,['#moby']
3150,['#shifttodigital']
3152,['#neonnettle']
3165,['#dippablebaconator']
3168,['#dejavu']
3170,['#nationalvinylrecordday']
3186,['#shifttodigital']
3201,"['#devcommunity', '#100daysofcode']"
3205,"['#covenant1516', '#autism', '#autismawareness', '#autismmom', '#autismmemes', '#autismawareness', '#abai', '#autismnj', '#autismambassador', '#appliedbehavioranalysis', '#bcba', '#bcaba', '#selfconfidence', '#autismfacts', '#autismmoms', '#autismmoments']"
3207,['#neonnettle']
3217,['#kalmanspickoneyoucowardotchallenge']
3228,['#auntteefa']
3231,['#bucciovertimechallenge']
3270,['#newprofilepic']
3271,"['#bidenharris2020', '#wearamask', '#socialdistancing', '#washyourhands', '#covidー19']"
3323,"['#webuyhousescash', '#realestate', '#cashdeal', '#cashnow', '#wepaycash', '#wetakeoverpayment', '#sellmyhousefast', '#sellmyhousenow', '#buymyhouseplease', '#newjersey']"
3337,['#stayvigilantamerica']
3352,['#shockedbutnotshocked']
3368,"['#trumpisnotwell', '#bidenharris2020']"
3388,"['#nyg', '#giants', '#nfl']"
3407,['#redhawk4life']
3409,"['#hiring', '#totowajobs', '#njjobs', '#developerjobs']"
3419,"['#thebadboyofredemptionranch', '#netgalley']"
3431,['#letsgocanes']
3446,"['#nhl', '#epl']"
3448,"['#bidenharris2020', '#voteblue2020']"
3458,"['#debrusk', '#nhlbruins']"
3500,"['#nfl', '#nflpa']"
3515,['#shopmycloset']
3523,"['#bills', '#billsmafia']"
3543,"['#diningoutrutherford', '#diningoutbergen', '#rutherfordeats', '#supportlocalbusinesses']"
3544,['#nowplaying']
3555,"['#nhlbruins', '#letsgocanes']"
3560,['#sticktoyourbluntvilles']
3577,['#loveourmontclair']
3586,['#trolling']
3593,"['#tomodachilife', '#3ds']"
3601,['#truth']
3604,"['#giants', '#giantspride']"
3621,['#nyr']
3631,"['#falafel', '#mediterranean', '#rochesterny', '#tzatziki', '#kebabhouse', '#pita', '#rochestereats', '#rocfoodies']"
3639,"['#msnbc', '#cnn', '#meetthepress', '#truth', '#fuckhughhewitt']"
3676,"['#giants', '#giantspride']"
3684,['#queenp']
3688,"['#giants', '#giantspride']"
3689,['#soundcloud']
3700,['#papalapiz']
3702,['#jujutsukaisen']
3707,['#truth']
3713,['#docnycpro']
3718,['#dearsummer']
3743,"['#nyg', '#giants', '#nfl']"
3763,"['#abc', '#nbc', '#cbs', '#msm', '#foxnews']"
3765,['#bidenharris2020']
3770,"['#novafotodoperfil', '#neymardemoicanonachampion']"
3773,"['#phishingemails', '#viruses', '#fakewebsites', '#unprotectednetworks', '#ittips', '#techtips']"
3785,"['#sportscards', '#collect', '#mostwatchedauctions']"
3786,"['#sportscards', '#collect', '#mostwatchedauctions']"
3787,['#avdaybreak']
3789,['#dchmontclairacura']
3792,"['#temperaturecheck', '#facialrecognition']"
3796,['#day1club']
3855,['#shutschoolsdown']
3859,"['#bidenpledgesallegiancetous', '#votebluetosaveamerica']"
3864,['#newgoal']
3874,['#newprofilepic']
3881,"['#beautyrest', '#harmonylux', '#seaqual', '#newyork', '#brookfieldplace', '#dooh', '#digitalnetworkmarketing']"
3888,"['#nyg', '#giants', '#nfl']"
3909,"['#smallbusiness', '#shoplocal', '#support', '#amex', '#discounts', '#deals', '#moneyback', '#smallbusinesslove', '#womeninbusiness', '#bathandbody', '#skincare']"
3910,['#trumpisanationaldisgrace']
3919,['#nhlbruins']
3938,['#rutherfordeats']
3943,"['#turningpointnj', '#turnyourlifearound']"
3954,"['#huacatay', '#zoylam', '#amiestiloperu', '#youtuber']"
3962,"['#njpizza', '#supportsmallbusiness']"
3997,"['#b2b', '#marketers']"
4001,"['#bidenharris2020', '#trumpisanationaldisgrace', '#voteoutgopenablers']"
4012,"['#powershell', '#code', '#100daysofcode', '#learntocode', '#unittest']"
4015,['#bidenharris2020']
4021,['#bidenharris2020tosaveamerica']
4027,"['#vegan', '#foodandbeverageindustry']"
4038,"['#love', '#familyreunion', '#lorettadevine', '#netflix']"
4043,['#marketingstrategy']
4048,['#skycaremedia']
4071,['#lincolnvoter']
4072,['#whatexit']
4091,"['#transportation', '#elmwoodpark']"
4116,['#nowplaying']
4118,['#nhlbruins']
4124,['#shopmycloset']
4137,['#podofsafety']
4172,['#docnyc']
4180,"['#webhosting', '#solarvps']"
4185,"['#healthcareit', '#digitalhealth']"
4195,['#hopeatevas']
4267,['#backinbusiness']
4279,['#writer']
4281,"['#mathrock', '#jazzrock', '#instrumental', '#guitarplayer', '#newmusicalert', '#newmusic', '#spotify', '#bandcamp', '#rock', '#youtubemusic', '#guitarsolo', '#lbi', '#longbeachisland', '#chillrock']"
4292,"['#dfs', '#nba', '#scarredforlife', '#denvernuggets']"
4305,"['#dogood', '#themosthatedretailer', '#alwaysatmsrp', '#botl', '#sotl', '#bloomfieldnj', '#shoplocal', '#shppsmallbusiness', '#shopbnm', '#arragentme', '#sanjs', '#sanjskids', '#onlyatsanjs', '#iamsanj', '#cigaraficionado', '#cigarsnob', '#smoke']"
4321,"['#socialism', '#communism']"
4324,"['#dogandbitchisland', '#read', '#drcm', '#books']"
4329,['#nopola']
4334,"['#essentialguide', '#wednesdaywisdom']"
4339,"['#nyg', '#giants', '#nfl']"
4345,"['#alimony', '#nj', '#newjersey']"
4347,['#nyrbii']
4351,['#lfplnj']
4377,['#ps4live']
4387,['#level2']
4389,"['#nyg', '#giants', '#nfl']"
4419,['#riggedelection']
4439,"['#smh', '#nastywoman']"
4447,"['#trumpsdeviousplot', '#riggedelection']"
4449,"['#win', '#latestinbeauty', '#lookgoodfeelbetter']"
4458,['#shootthepuck']
4465,['#bunkerbitch']
4469,['#theperfectionline']
4479,"['#menshealth', '#prostatecancer', '#prostatehealth']"
4487,['#nastywoman']
4513,['#giantspride']
4520,['#bidenharris2020']
4547,['#letsgocanes']
4555,['#nhlbruins']
4590,"['#supplychain', '#operations']"
4593,"['#action', '#jocm', '#amreading']"
4597,"['#repost', '#ncbd']"
4603,"['#nyg', '#giants', '#nfl']"
4615,"['#elçinsangu', '#13ağustos', '#happybirthday']"
4619,['#trumphasnoplan']
4620,"['#soundcloud', '#np']"
4623,['#covid19']
4627,"['#naturephotography', '#peacefuldwelllings']"
4637,['#humblebrag']
4639,"['#jocm', '#amreading']"
4661,"['#meangirls', '#onwednesdayswewearpink']"
4665,"['#remotelearning', '#backtoschool', '#edtech']"
4666,['#whyarethevote4her']
4673,['#locksmith']
4676,"['#nastywoman', '#joebiden', '#kamalaharris', '#kamalaharrisforvp', '#loveit']"
4682,"['#continuouslearning', '#100daysofcode', '#golang']"
4692,['#bearcats']
4726,['#transit']
4727,"['#covid_19', '#coronavirus']"
4746,['#galatakulesi']
4750,['#golang']
4751,"['#realtor', '#luxuryhomes', '#realestate', '#listings', '#sold', '#buyers', '#sellers', '#bergencounty', '#remax', '#venture', '#venturerealtors']"
4761,"['#jets', '#takeflight']"
4769,['#trumpisanationaldisgrace']
4775,"['#health', '#healthy', '#healthyliving', '#veterinary', '#petcare', '#medicine', '#holistic', '#holistichealth', '#pethealth', '#pets', '#benefits', '#healthtips']"
4776,"['#kk', '#mauithepomsky']"
4777,['#beenrich']
4780,['#job']
4781,['#gamepass']
4782,['#playbigm']
4790,['#beenrich']
4810,['#democracydemandcbiforssr']
4815,"['#smallbusiness', '#researchgrant', '#publichealth']"
4820,['#thethriftstorerundown']
4823,"['#sportscards', '#collect', '#mostwatchedauctions']"
4824,"['#soundcloud', '#np']"
4828,['#democratsaredestroyingamerica']
4835,"['#blog', '#physed', '#specialneeds']"
4846,['#discovertogether']
4862,"['#nyg', '#giants', '#nfl']"
4867,"['#weare', '#pennstateforever']"
4874,"['#edpsoccer', '#njyouthsoccer', '#njstallions', '#nikesoccer', '#nationalleague']"
4878,"['#electronics', '#tech']"
4937,"['#theconspiracy', '#conspiracies']"
4939,['#nowplaying']
4945,"['#shesboring', '#nastywoman', '#bullshiiter']"
4949,"['#terraform', '#developers', '#code', '#development']"
4961,"['#rain', '#delivery', '#mamboempanadas']"
4970,"['#collegetips', '#cookingbasics']"
4981,"['#dancingdominick', '#dancindom', '#veteran', '#usarmyveteran', '#duffs', '#duffsbrooklyn']"
5004,"['#clublionfitness', '#lionscall', '#lions', '#lionesses', '#legendary', '#thatlion', '#weinhere', '#garrettmountain', '#holla']"
5021,['#staytfinside']
5031,['#covid19']
5037,"['#travel', '#roadtrip', '#camping', '#rvs']"
5056,['#freemahmoud']
5062,['#nomoredrugwar']
5066,"['#qanon', '#georgia']"
5081,"['#clarinet', '#musicmatters']"
5084,['#leoszn']
5138,['#ffxiv']
5154,['#newprofilepic']
5185,"['#spiderverse', '#milesmorales', '#ghostspider', '#spidergwen', '#venom', '#peterparker', '#spiderman']"
5190,"['#helpateacher', '#digitallearning', '#jerseycity']"
5193,['#bikelife']
5198,"['#newprofilepic', '#metalgreymon']"
5203,['#imwithyou']
5205,"['#eiffeltower', '#toureiffel']"
5213,['#nowplaying']
5235,"['#robbybloodshed', '#nyc', '#taxidriver', '#queen', '#misfits', '#glenndanzig', '#freddiemercury', '#ggallin', '#rock', '#hardrock', '#punkrock', '#horrorpunk']"
5239,"['#cometpride', '#family', '#zone6ixfootball', '#culture']"
5240,"['#ffxiv', '#ps4share']"
5243,"['#viscaelbarca', '#barcabayern']"
5282,"['#s386', '#h1b']"
5300,['#dailymotivation']
5303,"['#wednesday', '#wisdom', '#wednesdaywisdom', '#quote', '#quoteoftheday', '#motivate', '#motivation', '#believe', '#accomplish', '#staffing', '#recruiting', '#search', '#coda', '#career', '#careers']"
5306,"['#wednesdaywisdom', '#teamwork', '#togetherwecan', '#workingtogether', '#njlca', '#growingeveryday']"
5316,['#librarylife']
5327,['#viscaelbarca']
5338,"['#neonatal', '#hypoglycemia', '#stopthelows', '#neonatologists', '#hyperinsulinism']"
5341,"['#powershell', '#octopusdeploy', '#community', '#dev']"
5353,"['#nyg', '#giants', '#nfl']"
5366,['#thememorymotel']
5407,['#thinksafe']
5417,"['#onlyin2020', '#repost']"
5419,['#imessage']
5430,"['#golang', '#developer']"
5432,['#daddyissuesdonny']
5437,"['#ophawkeyeremembers', '#5thsfg', '#oda5135', '#silverstar', '#bronzestar', '#purpleheart', '#deoppressoliber']"
5438,"['#shirleychisholm', '#changemakers']"
5446,['#nutley']
5447,['#askptrain']
5448,['#nowplaying']
5466,['#acnh']
5478,"['#soundcloud', '#np']"
5494,['#goals']
5495,"['#hiring', '#totowajobs', '#njjobs', '#codingjobs']"
5496,"['#hiring', '#totowajobs', '#njjobs', '#recruiting']"
5498,"['#agile', '#acp', '#webinar', '#agileevents', '#agilewebinar']"
5510,['#blessed']
5512,['#illbethereforyou']
5519,"['#securityofficer', '#securityguard']"
5532,['#bitcoin']
5550,"['#getfanged', '#horror', '#horrorshowjack', '#vampires', '#fanged', '#fangs', '#fang', '#fangsmith', '#fangmaker', '#fangsmile', '#vampires', '#vampire', '#conlife', '#gore', '#bite', '#popculture', '#fun', '#subculture', '#halloween', '#halloweenfun', '#hsj']"
5565,['#pinterest']
5567,"['#community', '#support', '#seniorliving', '#montclairnj']"
5571,"['#resignwoody', '#sellthejets']"
5572,"['#nastywoman', '#2020elections', '#bidenharris2020']"
5576,"['#newjersey', '#obgyncare']"
5580,['#bitcoin']
5608,['#studytime']
5616,['#starforjameshong']
5618,['#npr']
5633,['#joebiden2020']
5656,['#bidenharris2020']
5670,['#كشري_ابو_طارق']
5672,"['#api', '#devdiscuss', '#dev']"
5680,"['#blendedisbetter', '#chivasregal']"
5689,"['#museumfromhome', '#onthisday']"
5703,['#nowplaying']
5721,"['#nyvldn', '#nyrbii']"
5735,['#fillitoutnow']
5737,['#i80']
5738,"['#migraine', '#headache']"
5765,['#9roundlyndhurst']
5771,"['#rest', '#newforest', '#selfcare', '#pause']"
5779,['#author']
5781,"['#firedamage', '#firerestoration', '#deodorization']"
5796,"['#writeitwednesday', '#writingcommunity']"
5804,"['#nyg', '#giants', '#chargers']"
5805,['#bidenharris2020']
5826,['#ps4share']
5835,['#giantschat']
5840,['#mortalkombat']
5842,['#newprofilepic']
5853,"['#wellness', '#wednesdaymorning', '#wellnesswednesday', '#lifestyle', '#healthylifestyle', '#health']"
5854,['#اردوغان']
5859,"['#maga', '#trump2020']"
5867,"['#fuerzademujer', '#lapiz']"
5872,['#leonel']
5880,"['#chronicpain', '#painmanagement', '#cancerpain', '#neuromodulation']"
5885,"['#taprackbang', '#drcm', '#greatreads']"
5886,['#smallbusiness']
5888,"['#staffing', '#recruiting', '#search', '#coda', '#career', '#careers', '#tips', '#manager', '#management', '#lead', '#leadership', '#team', '#manage', '#growth', '#wfh', '#remote', '#remotework', '#mentor', '#mentorship', '#listen', '#communicate', '#learn', '#alwayslearn']"
5889,"['#social', '#fast']"
5894,['#sumnerredstone']
5895,"['#soundcloud', '#np']"
5898,"['#cosmetics', '#cosmeticsupplier', '#nailsupplies', '#luxurylifestyle', '#brikaashop']"
5916,"['#hbcu', '#diverse']"
5918,['#nowplaying']
5925,['#english']
5928,"['#mentalhealth', '#mentalhealthawareness']"
5932,"['#dreamteam', '#theunifiedparty', '#bidenharris']"
5935,"['#paterson', '#njthanksyou']"
5939,"['#fairgrounds', '#horseshow', '#waterhydrant', '#teeshirt', '#nametag', '#disinfectionsupplies', '#garbagecan', '#horsearena', '#getsetreadygo']"
5945,['#unioncitystrong']
5948,['#terrible']
5953,"['#2020census', '#queerthecensus']"
5990,['#motherlandfortsalem']
5992,['#novafotodoperfil']
6008,"['#stayvigilantamerica', '#bidenharris2020', '#herstory2020']"
6019,"['#safetyfirst', '#insurance', '#homeownersinsurance', '#hansonandryan', '#agency', '#agent', '#newjersey', '#besafe', '#swimming', '#pool', '#float']"
6021,"['#bidenharris2020', '#bidenharris']"
6037,['#vintagesnl']
6043,['#truth']
6059,['#laurenbacall']
6060,['#truth']
6077,"['#colorful', '#vegan', '#healthy', '#farm', '#fresh', '#veggies', '#comedian', '#newjersey', '#bergen', '#rutherford', '#local', '#art', '#photography', '#healthy', '#veg', '#vegetarian', '#nj', '#trenton', '#red', '#purple']"
6118,['#nowplaying']
6125,['#bidenharris']
6139,"['#nyg', '#giants', '#nfl']"
6142,['#wfh']
6144,['#azuresentinel']
6147,['#اردوغان']
6153,"['#fatihtezcan', '#fatihtezcan']"
6156,['#secularism']
6165,"['#dreams', '#dreamscometrue', '#hope', '#hopeful', '#flower_addict', '#photographybyhollyy', '#compassion', '#compassionforall', '#loveislove']"
6166,['#fatihtezcan']
6179,['#zq']
6184,"['#meditation', '#boxbreathing', '#seneca', '#becomingbestme']"
6214,['#nowplaying']
6222,"['#fairgrounds', '#masksarerequired', '#socialdistancing', '#waterhyrantattendant', '#livestockandmore', '#supportingtodaysyouth', '#tomorrowleaders', '#keepsmilin']"
6239,"['#nj', '#ny', '#ct', '#today', '#twitter', '#weather', '#iamwate']"
6240,"['#morning', '#twitter', '#followers', '#iamwate']"
6241,"['#amediting', '#5amwritersclub']"
6245,['#hope']
6270,['#msueotl']
6274,['#thesopranos']
6275,"['#livingonaprayer', '#soold', '#bonjovi']"
6278,['#underratedtweet']
6287,['#ps4share']
6295,['#bunkeyboy']
6296,['#mh']
6298,['#mh']
6303,['#wegohard']
6308,"['#animalcrossing', '#acnh', '#nintendoswitch']"
6317,['#irony']
6320,['#500px']
6321,['#bidenharris2020']
6325,['#photography']
6327,['#us46']
6333,['#nowplaying']
6338,"['#sportscards', '#collect', '#mostwatchedauctions']"
6340,['#wednesdaywisdom']
6348,['#morningmotivation']
6349,"['#nyg', '#giants', '#nfl']"
6354,['#photography']
6376,['#bunkerbaby']
6440,['#nowplaying']
6442,"['#powerankings', '#giantspride']"
6465,['#5amwritersclub']
6470,"['#tale', '#democrats', '#liberalhypocrisy', '#maga2020']"
6485,['#nj23']
6496,['#author']
6501,['#5amwritersclub']
6503,"['#health', '#wellness', '#nutrition']"
6509,"['#weather', '#nutley', '#temperature']"
6514,['#nowplaying']
6524,['#savethechildren']
6547,['#5amwritersclub']
6570,['#nowplaying']
6582,['#concernedparent']
6606,['#nj3']
6608,['#i80']
6609,"['#mobility', '#regional']"
6622,['#nowplaying']
6624,['#kamalaharris']
6627,['#dragalialost']
6649,['#nowplaying']
6664,['#bigasskidrn']
6666,['#i80']
6667,['#i80']
6668,['#i80']
6669,['#i80']
6689,['#wap']
6712,['#squeakybumtime']
6714,['#champ']
6781,['#author']
6786,"['#blakshaw', '#nitroexpress', '#jocm', '#mystery', '#jocm']"
6793,['#cringed']
6807,['#gardenstateparkway']
6832,['#tiktok']
6840,"['#geronimohotshot', '#geschichte', '#drcm', '#politisch', '#literatur']"
6841,"['#feminist', '#feminism']"
6856,"['#sex3dhentai', '#sex3dhentai', '#sex3dhentai']"
6863,"['#hardcoregayblog', '#hardcoregayblog']"
6866,"['#freebdsmsexvideos', '#freebdsmsexvideos']"
6885,['#funnysongsandshows']
6890,['#funnysongsandshows']
6895,['#ps4live']
6896,"['#blackisking', '#blackarmy', '#naturalhair', '#blowout', '#titaniumflatiron']"
6901,"['#thanos', '#funkopop', '#artfxplus', '#kotobukiya', '#hottoys', '#sideshowcollectibles', '#dmsdancave', '#dms2020gallery']"
6909,['#agt']
6918,['#savetheoa']
6928,['#tulsicult']
6945,"['#bidenharris2020', '#new', '#hope', '#hope']"
6954,"['#bepatient', '#new']"
6976,"['#radio', '#fm', '#dx', '#dxing']"
6983,"['#newmusic2020', '#newjersey', '#newyork', '#hiphop']"
6991,"['#pitbull', '#jairocruz', '#alexandrocruz']"
7017,['#bidenharris2020']
7029,['#ps4live']
7058,['#barbs']
7079,"['#weddinglimo', '#limo', '#limoservice', '#limorental']"
7082,['#nowplaying']
7179,['#mattlieberman']
7184,"['#ghostoftsushima', '#ps4share']"
7185,"['#ghostoftsushima', '#ps4share']"
7186,"['#ghostoftsushima', '#ps4share']"
7187,"['#ghostoftsushima', '#ps4share']"
7188,"['#ghostoftsushima', '#ps4share']"
7190,"['#ghostoftsushima', '#ps4share']"
7192,"['#ghostoftsushima', '#ps4share']"
7193,"['#ghostoftsushima', '#ps4share']"
7194,"['#ghostoftsushima', '#ps4share']"
7196,"['#ghostoftsushima', '#ps4share']"
7198,"['#ghostoftsushima', '#ps4share']"
7200,"['#ghostoftsushima', '#ps4share']"
7202,"['#ghostoftsushima', '#ps4share']"
7204,"['#ghostoftsushima', '#ps4share']"
7206,['#soundcloud']
7207,['#oomf']
7227,"['#sportscards', '#collect', '#mostwatchedauctions']"
7234,"['#rahatindori', '#bulatihaimagarjanekanahi']"
7259,['#nowplaying']
7261,"['#bidenharris2020', '#climateczar']"
7265,"['#sportscards', '#collect', '#mostwatchedauctions']"
7268,['#khidmatmainsabsayagaysindh']
7282,['#goldenglove']
7300,"['#wegothosed', '#again']"
7306,"['#sportscards', '#collect', '#mostwatchedauctions']"
7307,"['#sportscards', '#collect', '#mostwatchedauctions']"
7319,['#fifa21']
7334,"['#sportscards', '#collect', '#mostwatchedauctions']"
7335,"['#sportscards', '#collect', '#mostwatchedauctions']"
7356,['#twitteroff']
7361,['#ps4live']
7370,['#gopispathetic']
7372,"['#sportscards', '#collect', '#mostwatchedauctions']"
7373,"['#sportscards', '#collect', '#mostwatchedauctions']"
7387,"['#redneckamerica', '#bidenharris2020']"
7395,"['#votejoebiden2020', '#bidenharris2020', '#voteblue2020', '#bluewave2020', '#joebidenforpresident2020', '#votetrumpout2020', '#dumptrump2020', '#dumptrumpdaynov3']"
7398,"['#lfac', '#littlefallsathleticclub']"
7406,['#gopispathetic']
7420,"['#litagents', '#author']"
7421,['#bidenharris']
7429,"['#bidenharris2020', '#debates2020', '#vpdebate', '#vpdebates']"
7437,"['#bidenharris2020', '#bidenharris', '#2020elections']"
7454,"['#kamalaharris', '#votejoebiden2020', '#bidenharris2020', '#voteblue2020', '#joebidenforpresident2020', '#votetrumpout2020', '#dumptrump2020', '#dumptrumpdaynov3']"
7455,['#woo']
7457,"['#bidenharris2020', '#kamalaharris', '#bidenharris']"
7460,"['#theveneration', '#kazmzone']"
7461,['#nowplaying']
7472,['#kartanbabe']
7490,['#blacknailcabaret']
7496,['#mn05']
7506,"['#votejoebiden2020', '#bidenharris2020', '#voteblue2020', '#joebidenforpresident2020', '#votetrumpout2020', '#dumptrump2020', '#dumptrumpdaynov3']"
7534,"['#goldsgym', '#worldsfitnessleader', '#teamgolds', '#gymlife', '#bestgyms']"
7578,"['#votejoebiden2020', '#bidenharris2020', '#voteblue2020', '#joebidenforpresident2020', '#votetrumpout2020', '#dumptrump2020', '#dumptrumpdaynov3']"
7599,['#godisawoman']
7601,"['#resign', '#liberalhypocrisy', '#maga2020']"
7624,['#nw']
7644,['#montclairboontonline']
7651,['#russianright']
